Города которые добавлены уже в админку сайта ;Название поддомена/папки; Адрес;Транспортная компания;Телефон;Почта;График работы;;;;;;;;;;;
Абакан;abakan;655002, Республика Хакасия, г. Абакан, Хлебная улица, д. 30 ;ПЭК;8-800-333-58-45;info@laundrypro.ru;Пн-пт с 09.00 до 18.00;;;;;;;;;;;
Аксай;aksaj;346720, Россия, Ростовская область, Аксайский район, ул. Авиаторов, д. 5;ПЭК;8-800-333-58-45;info@laundrypro.ru;Пн-пт с 09.00 до 18.00;;;;;;;;;;;
Альметьевск;almetevsk;423450, Республика татарстан, Альметьевский р-н, г. Альметьевскул. Базовая, д. 4;ПЭК;8-800-333-58-45;info@laundrypro.ru;Пн-пт с 09.00 до 18.00;;;;;;;;;;;
Ангарск;angarsk;665800, Россия, Иркутская обл., Ангарский р-н, г. Ангарск, 215-й квартал, стр. 16;ПЭК;8-800-333-58-45;info@laundrypro.ru;Пн-пт с 09.00 до 18.00;;;;;;;;;;;
Арзамас;arzamas;Арзамас, ул. Кольцова, 4;СДЭК;8-800-333-58-45;info@laundrypro.ru;Пн-пт с 09.00 до 18.00;;;;;;;;;;;
Армавир;armavir;"352900, Краснодарский край, г. Армавир,ул. Мичурина, д. 7, База ""АРМО""";ПЭК;8-800-333-58-45;info@laundrypro.ru;Пн-пт с 09.00 до 18.00;;;;;;;;;;;
Артём;artem;692756, Россия, Приморский край, г. Артем, Фрунзе ул., дом 8;ПЭК;8-800-333-58-45;info@laundrypro.ru;Пн-пт с 09.00 до 18.00;;;;;;;;;;;
Архангельск;arkhangelsk;Исакогорский округ, улица Дежнёвцев, 50;Свой офис;8-800-333-58-45 и 8 (8182) 639-464;info@laundrypro.ru;Пн-пт с 09.00 до 18.00;;;;;;;;;;;
Астрахань;astrahan;414057, г.Астрахань, ул. Рождественского, д. 17;ПЭК;8-800-333-58-45;info@laundrypro.ru;Пн-пт с 09.00 до 18.00;;;;;;;;;;;
Ачинск;achinsk;Ачинск, ул. Калинина, 6;СДЭК;8-800-333-58-45;info@laundrypro.ru;Пн-пт с 09.00 до 18.00;;;;;;;;;;;
Балаково;balakovo;413841, Россия, Саратовская обл., Балаковский р-н, г. Балаково, ул. Вокзальная, 24;ПЭК;8-800-333-58-45;info@laundrypro.ru;Пн-пт с 09.00 до 18.00;;;;;;;;;;;
Балашиха;balashiha;143900, г. Балашиха, пр-т Ленина, д.10 А;ПЭК;8-800-333-58-45;info@laundrypro.ru;Пн-пт с 09.00 до 18.00;;;;;;;;;;;
Барнаул;barnaul;656049, Россия, Алтайский край, Барнаул, ул. Чернышевского, 293А;ПЭК;8-800-333-58-45;info@laundrypro.ru;Пн-пт с 09.00 до 18.00;;;;;;;;;;;
Батайск;bataisk;346750, Россия, Ростовская обл., Азовский район, п. Койсуг, ул. М. Горького, д. 701Г;ПЭК;8-800-333-58-45;info@laundrypro.ru;Пн-пт с 09.00 до 18.00;;;;;;;;;;;
Белгород;belgorod;308019, Россия, Белгородская обл., г. Белгород, ул. Кирпичный тупик, д.2А;ПЭК;8-800-333-58-45;info@laundrypro.ru;Пн-пт с 09.00 до 18.00;;;;;;;;;;;
Бердск;berdsk;Бердск, ул. К. Маркса, 15;СДЭК;8-800-333-58-45;info@laundrypro.ru;Пн-пт с 09.00 до 18.00;;;;;;;;;;;
Березники;berezniki;618400, Россия, Пермский край, г. Березенки, ул. Большевистская, 8;ПЭК;8-800-333-58-45;info@laundrypro.ru;Пн-пт с 09.00 до 18.00;;;;;;;;;;;
Бийск;biysk;659303, Россия, г. Бийск, ул. Петра Мерлина, д. 63, корп. 2 (заезд с ул. Шадрина);ПЭК;8-800-333-58-45;info@laundrypro.ru;Пн-пт с 09.00 до 18.00;;;;;;;;;;;
Благовещенск;blagoveschensk;675005, Россия, Амурская область, г. Благовещенск, ул. Калинина, д. 126 (территория ИПК ?Приамурье?);ПЭК;8-800-333-58-45;info@laundrypro.ru;Пн-пт с 09.00 до 18.00;;;;;;;;;;;
Братск;bratsk;665717, Россия, Иркутская обл., Братский р-н, г. Братскул. Южная, д.14, стр.10;ПЭК;8-800-333-58-45;info@laundrypro.ru;Пн-пт с 09.00 до 18.00;;;;;;;;;;;
Брянск;bryansk;241014, Россия, Брянская обл., г. Брянскул. М. Расковой, д. 25;ПЭК;8-800-333-58-45;info@laundrypro.ru;Пн-пт с 09.00 до 18.00;;;;;;;;;;;
Великий Новгород;veliky-novgorod;Новгородская обл, г.Великий Новгород, Район Колмово, Базовый пер., д.13;СДЭК;8-800-333-58-45;info@laundrypro.ru;Пн-пт с 09.00 до 18.00;;;;;;;;;;;
Владивосток;vladivostok;690088, Россия, Приморский край, г. Владивосток, Военное Шоссе, 18;ПЭК;8-800-333-58-45;info@laundrypro.ru;Пн-пт с 09.00 до 18.00;;;;;;;;;;;
Владикавказ;vladikavkaz;362002, Россия, Владикавказ, Ставропольская улица, 2б;ПЭК;8-800-333-58-45;info@laundrypro.ru;Пн-пт с 09.00 до 18.00;;;;;;;;;;;
Владимир;vladimir;600007, Россия, Владимирская обл., г. Владимир., ул. Гастелло, д.8;ПЭК;8-800-333-58-45;info@laundrypro.ru;Пн-пт с 09.00 до 18.00;;;;;;;;;;;
Волгоград;volgograd;Волгоградская область, г. Волгоград, ул. Землячки д. 16;ПЭК;8-800-333-58-45;info@laundrypro.ru;Пн-пт с 09.00 до 18.00;;;;;;;;;;;
Волгодонск;volgodonsk;Волгодонск, ул. Степная, 94;СДЭК;8-800-333-58-45;info@laundrypro.ru;Пн-пт с 09.00 до 18.00;;;;;;;;;;;
Волжский;volzhsky;404130, Россия, Волгоградская обл., г. Волжский, ул. Автодорога, 6 д. 31В;ПЭК;8-800-333-58-45;info@laundrypro.ru;Пн-пт с 09.00 до 18.00;;;;;;;;;;;
Вологда;vologda;улица Добролюбова, 53;Свой офис;8-800-333-58-45 и 8 (8172) 54-71-34;info@laundrypro.ru;Пн-пт с 09.00 до 18.00;;;;;;;;;;;
Воронеж;voronezh;394036, г. Воронеж, ул. Кольцовская , д. 24;ПЭК;8-800-333-58-45;info@laundrypro.ru;Пн-пт с 09.00 до 18.00;;;;;;;;;;;
Вязьма;vyazma;Вязьма, ул. Комсомольская, 17;СДЭК;8-800-333-58-45;info@laundrypro.ru;Пн-пт с 09.00 до 18.00;;;;;;;;;;;
Грозный;grozny;Грозный, ул. Субры Кишиевой, 55;СДЭК;8-800-333-58-45;info@laundrypro.ru;Пн-пт с 09.00 до 18.00;;;;;;;;;;;
Дзержинск;dzerzhinsk;606016, Россия, г. Дзержинск, проспект Ленина, д. 121а;ПЭК;8-800-333-58-45;info@laundrypro.ru;Пн-пт с 09.00 до 18.00;;;;;;;;;;;
Димитровград;dimitrovgrad;433504, Ульяновская обл., г. Димитровград, ул. Промышленная, д. 35/5;ПЭК;8-800-333-58-45;info@laundrypro.ru;Пн-пт с 09.00 до 18.00;;;;;;;;;;;
Долгопрудный;dolgoprudny;Долгопрудный, Лихачевское шоссе, 14 к1;СДЭК;8-800-333-58-45;info@laundrypro.ru;Пн-пт с 09.00 до 18.00;;;;;;;;;;;
Домодедово;domodedovo;142001, Московская обл., г.Домодедово, ул.Лунная, д. № 9, помещение IV;ПЭК;8-800-333-58-45;info@laundrypro.ru;Пн-пт с 09.00 до 18.00;;;;;;;;;;;
Евпатория;evpatoriya;Евпатория, ул. Советская, 3;СДЭК;8-800-333-58-45;info@laundrypro.ru;Пн-пт с 09.00 до 18.00;;;;;;;;;;;
Екатеринбург;ekaterinburg;улица Титова, 19;Свой офис;8-800-333-58-45;info@laundrypro.ru;Пн-пт с 09.00 до 18.00;;;;;;;;;;;
Елец;elec;Елец, ул. Ленина, 80а;СДЭК;8-800-333-58-45;info@laundrypro.ru;Пн-пт с 09.00 до 18.00;;;;;;;;;;;
Ессентуки;essentuki;357625, Россия, Ставропольский край, г. Ессентуки, ул. Пятигорская, 135;ПЭК;8-800-333-58-45;info@laundrypro.ru;Пн-пт с 09.00 до 18.00;;;;;;;;;;;
Жуковский;zhukovsky;Жуковский, ул. Луч, 20;СДЭК;8-800-333-58-45;info@laundrypro.ru;Пн-пт с 09.00 до 18.00;;;;;;;;;;;
Златоуст;zlatoust;Златоуст, ул. Таганайская, 1Б;СДЭК;8-800-333-58-45;info@laundrypro.ru;Пн-пт с 09.00 до 18.00;;;;;;;;;;;
Иваново;ivanovo;153005, Россия, Ивановская обл., г. Иваново, ул. Сосновая, 1, корпус ?В?, этаж 1, пав. № 1012;ПЭК;8-800-333-58-45;info@laundrypro.ru;Пн-пт с 09.00 до 18.00;;;;;;;;;;;
Ижевск;izhevsk;426028, Удмуртская Республика, г. Ижевск, ул. Пойма, д. 22;ПЭК;8-800-333-58-45;info@laundrypro.ru;Пн-пт с 09.00 до 18.00;;;;;;;;;;;
Йошкар-Ола;yoshkar-ola;424000, Россия, Марий Эл респ., г. Йошкар-Ола, ул. Строителей, 99б;ПЭК;8-800-333-58-45;info@laundrypro.ru;Пн-пт с 09.00 до 18.00;;;;;;;;;;;
Иркутск;irkutsk;664024, Россия, Иркутская обл., г. Иркутск, ул. Новаторов, 1;ПЭК;8-800-333-58-45;info@laundrypro.ru;Пн-пт с 09.00 до 18.00;;;;;;;;;;;
Казань;kazan;Казань, ул. Галиаскара Камала, 18;СДЭК;8-800-333-58-45;info@laundrypro.ru;Пн-пт с 09.00 до 18.00;;;;;;;;;;;
Калининград;kaliningrad;236029, Россия, Калининградская обл., г. Калинингра, ул. Генерал-лейтенанта Озерова, 30;ПЭК;8-800-333-58-45;info@laundrypro.ru;Пн-пт с 09.00 до 18.00;;;;;;;;;;;
Калуга;kaluga;248017, Россия, Калужская обл., г. Калуга, ул.Параллельная, д.11, стр.22;ПЭК;8-800-333-58-45;info@laundrypro.ru;Пн-пт с 09.00 до 18.00;;;;;;;;;;;
Каменск-Уральский;kamensk-uralsky;623401, Россия, Свердловская обл., г. Каменск-Уральскийул. Карла Маркса, 99;ПЭК;8-800-333-58-45;info@laundrypro.ru;Пн-пт с 09.00 до 18.00;;;;;;;;;;;
Камышин;kamyshin;Камышин, ул. Октябрьская, 21;СДЭК;8-800-333-58-45;info@laundrypro.ru;Пн-пт с 09.00 до 18.00;;;;;;;;;;;
Каспийск;kaspiysk;Каспийск, ул. Ленина, 11;СДЭК;8-800-333-58-45;info@laundrypro.ru;Пн-пт с 09.00 до 18.00;;;;;;;;;;;
Кемерово;kemerovo;650055, Россия, Кемеровская обл., г. Кемерово, Кузнецкий проспект, 91;ПЭК;8-800-333-58-45;info@laundrypro.ru;Пн-пт с 09.00 до 18.00;;;;;;;;;;;
Керчь;kerch;Керчь, ул. Советская, 15;СДЭК;8-800-333-58-45;info@laundrypro.ru;Пн-пт с 09.00 до 18.00;;;;;;;;;;;
Киров;kirov;610021, Россия, Кировская область, г. Киров, ул. Производственная, 22;ПЭК;8-800-333-58-45;info@laundrypro.ru;Пн-пт с 09.00 до 18.00;;;;;;;;;;;
Кисловодск;kislovodsk;Кисловодск, Пр-т победы, 145;СДЭК;8-800-333-58-45;info@laundrypro.ru;Пн-пт с 09.00 до 18.00;;;;;;;;;;;
Ковров;kovrov;Ковров, пр-т Мира, 2;СДЭК;8-800-333-58-45;info@laundrypro.ru;Пн-пт с 09.00 до 18.00;;;;;;;;;;;
Коломна;kolomna;140483, Россия, Московская область, Коломенский район, поселок Радужный, д. 47 Б;ПЭК;8-800-333-58-45;info@laundrypro.ru;Пн-пт с 09.00 до 18.00;;;;;;;;;;;
Комсомольск-на-Амуре;komsomolsk-na-amure;681027, Россия, Хабаровский край, г. Комсомольск-на-Амуре, ул. Вокзальная, д. 10/4Б;ПЭК;8-800-333-58-45;info@laundrypro.ru;Пн-пт с 09.00 до 18.00;;;;;;;;;;;
Копейск;kopeisk;Копейск, ул. Проспект Победы, 55а;СДЭК;8-800-333-58-45;info@laundrypro.ru;Пн-пт с 09.00 до 18.00;;;;;;;;;;;
Королёв;korolev;141070, Россия, Московская область, г. Королев, Ярославский проезд, д. 1В;ПЭК;8-800-333-58-45;info@laundrypro.ru;Пн-пт с 09.00 до 18.00;;;;;;;;;;;
Кострома;kostroma;156019, Россия, Костромская обл., г. Кострома, ул. Деминская, д. 2 Б;ПЭК;8-800-333-58-45;info@laundrypro.ru;Пн-пт с 09.00 до 18.00;;;;;;;;;;;
Красногорск;krasnogorsk;Красногорск, пер. Оптический, 1а;СДЭК;8-800-333-58-45;info@laundrypro.ru;Пн-пт с 09.00 до 18.00;;;;;;;;;;;
Краснодар;krasnodar;Краснодар, ул. Красная, 124;СДЭК;8-800-333-58-45;info@laundrypro.ru;Пн-пт с 09.00 до 18.00;;;;;;;;;;;
Красноярск;krasnoyarsk;660118, Россия, Красноярский край, г. КрасноярскСеверное шоссе, 5Г стр 26;ПЭК;8-800-333-58-45;info@laundrypro.ru;Пн-пт с 09.00 до 18.00;;;;;;;;;;;
Курган;kurgan;640007, Россия, Курганская обл., г. Курган, ул. Омская, 146;ПЭК;8-800-333-58-45;info@laundrypro.ru;Пн-пт с 09.00 до 18.00;;;;;;;;;;;
Курск;kursk;305023, Россия, Курская обл., г. Курск, Литовская, 12 А;ПЭК;8-800-333-58-45;info@laundrypro.ru;Пн-пт с 09.00 до 18.00;;;;;;;;;;;
Кызыл;kyzyl;Кызыл, ул. Кочетова, 143;СДЭК;8-800-333-58-45;info@laundrypro.ru;Пн-пт с 09.00 до 18.00;;;;;;;;;;;
Липецк;lipetsk;398902, Россия, Липецкая обл., г. Липецк, ул. Ангарская, д. 30;ПЭК;8-800-333-58-45;info@laundrypro.ru;Пн-пт с 09.00 до 18.00;;;;;;;;;;;
Люберцы;lubercy;140073, Россия, Московская область, Люберецкий район, микрорайон Птицефабрика, к. 20;ПЭК;8-800-333-58-45;info@laundrypro.ru;Пн-пт с 09.00 до 18.00;;;;;;;;;;;
Магнитогорск;magnitogorsk;455000, Россия, Челябинская обл., г. Магнитогорскул. Энергетиков, 2/1;ПЭК;8-800-333-58-45;info@laundrypro.ru;Пн-пт с 09.00 до 18.00;;;;;;;;;;;
Майкоп;maikop;Майкоп, ул. Шовгенова, 1;СДЭК;8-800-333-58-45;info@laundrypro.ru;Пн-пт с 09.00 до 18.00;;;;;;;;;;;
Махачкала;mahachkala;Махачкала, ул. Нурадилова, 76;СДЭК;8-800-333-58-45;info@laundrypro.ru;Пн-пт с 09.00 до 18.00;;;;;;;;;;;
Миасс;miass;456300, Россия, Челябинская обл., г. Миасс, ул. Академика Павлова, 8;ПЭК;8-800-333-58-45;info@laundrypro.ru;Пн-пт с 09.00 до 18.00;;;;;;;;;;;
Москва;moscow;улица Мнёвники, 3к2;Свой офис;8-800-333-58-45 и 8 (499) 703-19-73;laklaev@yandex.ru;Пн-пт с 09.00 до 18.00;;;;;;;;;;;
Мурманск;murmansk;183034, Россия, Мурманская обл., г. Мурманск, ул. Домостроительная, д. 16/1, 2 этаж (территория маг. ?Стройлэнд?);ПЭК;8-800-333-58-45;info@laundrypro.ru;Пн-пт с 09.00 до 18.00;;;;;;;;;;;
Муром;murom;602266, Россия, Владимирская обл., г. Муром, Владимирское шоссе, д. 5;ПЭК;8-800-333-58-45;info@laundrypro.ru;Пн-пт с 09.00 до 18.00;;;;;;;;;;;
Мытищи;mytischi;Мытищи, ул.Борисовка, 24;СДЭК;8-800-333-58-45;info@laundrypro.ru;Пн-пт с 09.00 до 18.00;;;;;;;;;;;
Набережные Челны;naberezhnye-chelny;423800, Татарстан респ., г. Набережные ЧелныПромкомзона, Производственный проезд, 19;ПЭК;8-800-333-58-45;info@laundrypro.ru;Пн-пт с 09.00 до 18.00;;;;;;;;;;;
Назрань;nazran;Назрань, пр-т Базоркина, 102;СДЭК;8-800-333-58-45;info@laundrypro.ru;Пн-пт с 09.00 до 18.00;;;;;;;;;;;
Нальчик;nalchik;Нальчик, пр. Ленина, 26;СДЭК;8-800-333-58-45;info@laundrypro.ru;Пн-пт с 09.00 до 18.00;;;;;;;;;;;
Находка;nahodka;Находка, ул. 25 лет Октября, 5;СДЭК;8-800-333-58-45;info@laundrypro.ru;Пн-пт с 09.00 до 18.00;;;;;;;;;;;
Невинномысск;nevinnomyssk;357114, Россия, Ставропольский край, г. Невинномысск ул. Пятигорское шоссе, д. 7;ПЭК;8-800-333-58-45;info@laundrypro.ru;Пн-пт с 09.00 до 18.00;;;;;;;;;;;
Нефтекамск;neftekamsk;452680, Башкортостан респ., г. Нефтекамск, ул. Высоковольтная, стр. 2;ПЭК;8-800-333-58-45;info@laundrypro.ru;Пн-пт с 09.00 до 18.00;;;;;;;;;;;
Нефтеюганск;nefteugansk;Нефтеюганск, ул. 12 Микрорайон, 63;СДЭК;8-800-333-58-45;info@laundrypro.ru;Пн-пт с 09.00 до 18.00;;;;;;;;;;;
Нижневартовск;nizhnevartovsk;628600, Россия, Ханты-Мансийский автономный округ, г. Нижневартовск, ул. Индустриальная, д. 38;ПЭК;8-800-333-58-45;info@laundrypro.ru;Пн-пт с 09.00 до 18.00;;;;;;;;;;;
Нижнекамск;nizhnekamsk;423575, Республика Татарстан, г. Нижнекамск, Ахтубинская улица, д. 12;ПЭК;8-800-333-58-45;info@laundrypro.ru;Пн-пт с 09.00 до 18.00;;;;;;;;;;;
Нижний Новгород;nizhny-novgorod;Нижний Новгород, ул Кулибина, 3А, этаж 1;СДЭК;8-800-333-58-45;info@laundrypro.ru;Пн-пт с 09.00 до 18.00;;;;;;;;;;;
Нижний Тагил;nizhny-tagil;620000, Россия, Свердловская обл., г. Нижний Тагил, Восточное шоссе, 17;ПЭК;8-800-333-58-45;info@laundrypro.ru;Пн-пт с 09.00 до 18.00;;;;;;;;;;;
Новокузнецк;novokuznetsk;654000, Россия, Кмеровская обл., г. Новокузнецк, Рудокопровая улица, 30А;ПЭК;8-800-333-58-45;info@laundrypro.ru;Пн-пт с 09.00 до 18.00;;;;;;;;;;;
Новокуйбышевск;novokuybyshevsk;Новокуйбышевск, ул. Чернышевского, 35;СДЭК;8-800-333-58-45;info@laundrypro.ru;Пн-пт с 09.00 до 18.00;;;;;;;;;;;
Новомосковск;novomoskovsk;Новомосковск, ул. Кирова, 3;СДЭК;8-800-333-58-45;info@laundrypro.ru;Пн-пт с 09.00 до 18.00;;;;;;;;;;;
Новосибирск;novosibirsk;630119, Россия, Новосибирская обл., г. Новосибирск, Северный проезд, 41/2;ПЭК;8-800-333-58-45;info@laundrypro.ru;Пн-пт с 09.00 до 18.00;;;;;;;;;;;
Новочебоксарск;novocheboksarsk;429950,  Чувашская республика, г. Новочебоксарск, ул. Строителей, д.33А к.1;ПЭК;8-800-333-58-45;info@laundrypro.ru;Пн-пт с 09.00 до 18.00;;;;;;;;;;;
Новочеркасск;novocherkassk;346400, Россия, Ростовская обл., г. Новочеркасск ул. Трамвайная, д. 7/9;ПЭК;8-800-333-58-45;info@laundrypro.ru;Пн-пт с 09.00 до 18.00;;;;;;;;;;;
Новошахтинск;novoshahtinsk;Новошахтинск, ул. Харьковская, 113;СДЭК;8-800-333-58-45;info@laundrypro.ru;Пн-пт с 09.00 до 18.00;;;;;;;;;;;
Новый Уренгой;novy-urengoy;Новый Уренгой, ул. Промысловая, 12;СДЭК;8-800-333-58-45;info@laundrypro.ru;Пн-пт с 09.00 до 18.00;;;;;;;;;;;
Ногинск;noginsk;Ногинск, ул. 3-го Интернационала, 169;СДЭК;8-800-333-58-45;info@laundrypro.ru;Пн-пт с 09.00 до 18.00;;;;;;;;;;;
Норильск;norilsk;Норильск, пр-т Ленинский, 11;СДЭК;8-800-333-58-45;info@laundrypro.ru;Пн-пт с 09.00 до 18.00;;;;;;;;;;;
Ноябрьск;noyabrsk;Ноябрьск, ул. Энтузиастов, 22/1;СДЭК;8-800-333-58-45;info@laundrypro.ru;Пн-пт с 09.00 до 18.00;;;;;;;;;;;
Обнинск;obninsk;Обнинск, ул. Гурьянова, 21, 105;СДЭК;8-800-333-58-45;info@laundrypro.ru;Пн-пт с 09.00 до 18.00;;;;;;;;;;;
Одинцово;odincovo;143002, Россия, Московская обл., Одинцовский р-н, г. Одинцово, ул. Южная, д. 8 стр.10;ПЭК;8-800-333-58-45;info@laundrypro.ru;Пн-пт с 09.00 до 18.00;;;;;;;;;;;
Октябрьский;oktyabrsky;452613, Республика Башкортостан, г. Октябрьский, ул. Космонавтов, д.63, корп.2;ПЭК;8-800-333-58-45;info@laundrypro.ru;Пн-пт с 09.00 до 18.00;;;;;;;;;;;
Омск;omsk;Омск, пр-т Комарова, 11, корп.1;СДЭК;8-800-333-58-45;info@laundrypro.ru;Пн-пт с 09.00 до 18.00;;;;;;;;;;;
Орёл;orel;302042, Россия, Орловская обл., г. Орелул. Автогрейдерная, 4;ПЭК;8-800-333-58-45;info@laundrypro.ru;Пн-пт с 09.00 до 18.00;;;;;;;;;;;
Оренбург;orenburg;460505, Россия, Оренбургская область, г. Оренбург, Площадь 1-го Мая, 1а;ПЭК;8-800-333-58-45;info@laundrypro.ru;Пн-пт с 09.00 до 18.00;;;;;;;;;;;
Орехово-Зуево;orehovo-zuevo;Орехово-Зуево, ул. Красноармейская, 15;СДЭК;8-800-333-58-45;info@laundrypro.ru;Пн-пт с 09.00 до 18.00;;;;;;;;;;;
Орск;orsk;462403, Россия, Оренбургская обл., г. Орск, пр.Мира, 12Б (по Орскому шоссе, в районе ООО ?ОрскВодоканал?);ПЭК;8-800-333-58-45;info@laundrypro.ru;Пн-пт с 09.00 до 18.00;;;;;;;;;;;
Пенза;penza;440015, Россия, Пензенская обл., г. Пенза ул. Измайлова, д.13;ПЭК;8-800-333-58-45;info@laundrypro.ru;Пн-пт с 09.00 до 18.00;;;;;;;;;;;
Первоуральск;pervouralsk;Первоуральск, улица Вайнера, 45В;СДЭК;8-800-333-58-45;info@laundrypro.ru;Пн-пт с 09.00 до 18.00;;;;;;;;;;;
Пермь;perm;Пермь, ул. Екатерининская, 116;СДЭК;8-800-333-58-45;info@laundrypro.ru;Пн-пт с 09.00 до 18.00;;;;;;;;;;;
Петрозаводск;petrozavodsk;185031, Республика Карелия, г. Петрозаводск, ул. Зайцева, д. 65 корп. 4;ПЭК;8-800-333-58-45;info@laundrypro.ru;Пн-пт с 09.00 до 18.00;;;;;;;;;;;
Петропавловск-Камчатский;petropavlovsk-kamchatsky;683023, Россия, Камчатский край, г. Петропавловск-Камчатский, ул. Вулканная, д. 59/3;ПЭК;8-800-333-58-45;info@laundrypro.ru;Пн-пт с 09.00 до 18.00;;;;;;;;;;;
Подольск;podolsk;142116, Россия, Московская обл., г. Подольск, ул. Лобачева, д.14;ПЭК;8-800-333-58-45;info@laundrypro.ru;Пн-пт с 09.00 до 18.00;;;;;;;;;;;
Прокопьевск;prokopevsk;653024, Россия, Кемеровская обл.,г. Прокопьевск, ул. Гайдара, д. 45;ПЭК;8-800-333-58-45;info@laundrypro.ru;Пн-пт с 09.00 до 18.00;;;;;;;;;;;
Псков;pskov;180006, Россия,Псковская обл., г. Псков, ул. Леона Поземского, 110 Д, 1001;ПЭК;8-800-333-58-45;info@laundrypro.ru;Пн-пт с 09.00 до 18.00;;;;;;;;;;;
Пушкино;pushkino;Пушкино, ул. Набережная, 35, корпус 4, пом.12.;СДЭК;8-800-333-58-45;info@laundrypro.ru;Пн-пт с 09.00 до 18.00;;;;;;;;;;;
Пятигорск;pyatigorsk;357528, Ставропольский край, г. Пятигорск, ул. Егоршина, 6;ПЭК;8-800-333-58-45;info@laundrypro.ru;Пн-пт с 09.00 до 18.00;;;;;;;;;;;
Раменское;ramenskoe;Раменское, ул. Карла Маркса, 6;СДЭК;8-800-333-58-45;info@laundrypro.ru;Пн-пт с 09.00 до 18.00;;;;;;;;;;;
Реутов;reutov;Реутов, ул. Октября, 24;СДЭК;8-800-333-58-45;info@laundrypro.ru;Пн-пт с 09.00 до 18.00;;;;;;;;;;;
Ростов-на-Дону;rostov-na-donu;Ростов-на-Дону, пер. Халтуринский, 99А;СДЭК;8-800-333-58-45;info@laundrypro.ru;Пн-пт с 09.00 до 18.00;;;;;;;;;;;
Рубцовск;rubtsovsk;658219, Россия, Алтайский край, г. Рубцовск, проезд Кооперативный, д.1;ПЭК;8-800-333-58-45;info@laundrypro.ru;Пн-пт с 09.00 до 18.00;;;;;;;;;;;
Рыбинск;rybinsk;152900, Россия, Ярославская область, г. Рыбинск, Ярославский тракт, 52;ПЭК;8-800-333-58-45;info@laundrypro.ru;Пн-пт с 09.00 до 18.00;;;;;;;;;;;
Рязань;ryazan;Рязань, пр-т Первомайский, 7;СДЭК;8-800-333-58-45;info@laundrypro.ru;Пн-пт с 09.00 до 18.00;;;;;;;;;;;
Салават;salavat;453261, Башкортостан респ., г. Салават, ул. Уфимская, 11/1;ПЭК;8-800-333-58-45;info@laundrypro.ru;Пн-пт с 09.00 до 18.00;;;;;;;;;;;
Самара;samara;443070, Россия, Самарская обл., г. Самара, ул. Верхне-Карьерная, д. 3А;ПЭК;8-800-333-58-45;info@laundrypro.ru;Пн-пт с 09.00 до 18.00;;;;;;;;;;;
Санкт-Петербург;saint-petersburg;192012, пр-т Обуховской обороны, д. 295, лит. АС;Свой офис;8-800-333-58-45 и 8 (812) 309-79-44;info@laundrypro.ru;Пн-пт с 09.00 до 18.00;;;;;;;;;;;
Саранск;saransk;430030, Россия, Мордовия респ., г. Саранск, Строительная ул., дом 11;ПЭК;8-800-333-58-45;info@laundrypro.ru;Пн-пт с 09.00 до 18.00;;;;;;;;;;;
Саратов;saratov;410039, Россия, Саратовская обл., г. Саратов, Крымский проезд, 7;ПЭК;8-800-333-58-45;info@laundrypro.ru;Пн-пт с 09.00 до 18.00;;;;;;;;;;;
Севастополь;sevastopol;299014, Россия, Республика Крым, г. Севастополь, Фиолентовское шоссе, д. 1/5;ПЭК;8-800-333-58-45;info@laundrypro.ru;Пн-пт с 09.00 до 18.00;;;;;;;;;;;
Северодвинск;severodvinsk;164500, Россия, Архангельская обл., г. Северодвинск, Беломорский проспект, д. 3;ПЭК;8-800-333-58-45;info@laundrypro.ru;Пн-пт с 09.00 до 18.00;;;;;;;;;;;
Северск;seversk;Северск, ул. Транспортная, 30;СДЭК;8-800-333-58-45;info@laundrypro.ru;Пн-пт с 09.00 до 18.00;;;;;;;;;;;
Сергиев Посад;sergiev-posad;Сергиев Посад, ул. Болотная, 15;СДЭК;8-800-333-58-45;info@laundrypro.ru;Пн-пт с 09.00 до 18.00;;;;;;;;;;;
Серпухов;serpuhov;142214, Россия, Московская обл., Серпуховский р-н, г. Серпухов, Северное шоссе, д. 2;ПЭК;8-800-333-58-45;info@laundrypro.ru;Пн-пт с 09.00 до 18.00;;;;;;;;;;;
Симферополь;simferopol;295022, Россия, Крым респ., г. Симферополь, ул. Глинки, д. 67Г;ПЭК;8-800-333-58-45;info@laundrypro.ru;Пн-пт с 09.00 до 18.00;;;;;;;;;;;
Смоленск;smolensk;Смоленск, ул. Верхне-Сенная, 4, 116;СДЭК;8-800-333-58-45;info@laundrypro.ru;Пн-пт с 09.00 до 18.00;;;;;;;;;;;
Сочи;sochi;Краснодонская улица, 44А;Свой офис;8-800-333-58-45 и 8 (862) 227-01-22;info@laundrypro.ru;Пн-пт с 09.00 до 18.00;;;;;;;;;;;
Ставрополь;stavropol;355035, Россия, Ставропольский край, г. Ставрополь, ул. 2-я Промышленная, 33;ПЭК;8-800-333-58-45;info@laundrypro.ru;Пн-пт с 09.00 до 18.00;;;;;;;;;;;
Старый Оскол;stary-oskol;309508, Россия, Белгородская обл., г. Старый Оскол, ул. Заводская, 1а;ПЭК;8-800-333-58-45;info@laundrypro.ru;Пн-пт с 09.00 до 18.00;;;;;;;;;;;
Стерлитамак;sterlitamak;453103, Росссия, Республика Башкортостан, г. Стерлитамак, ул. Элеваторная, 19;ПЭК;8-800-333-58-45;info@laundrypro.ru;Пн-пт с 09.00 до 18.00;;;;;;;;;;;
Сургут;surgut;Россия, Ханты-Мансийский Автономный округ - Югра АО, г. Сургут, ул. Аграрная, д. 3;ПЭК;8-800-333-58-45;info@laundrypro.ru;Пн-пт с 09.00 до 18.00;;;;;;;;;;;
Сызрань;syzran;446008, Россия, Самарская обл., г. Сызрань, ул. Фурманова, 3;ПЭК;8-800-333-58-45;info@laundrypro.ru;Пн-пт с 09.00 до 18.00;;;;;;;;;;;
Сыктывкар;syktyvkar;167000, Россия, Коми респ., г. Сыктывкар, ул. Лесопарковая 21/3;ПЭК;8-800-333-58-45;info@laundrypro.ru;Пн-пт с 09.00 до 18.00;;;;;;;;;;;
Таганрог;taganrog;347927, Россия, Ростовская обл., г. Таганрог, Поляковское шоссе, 22;ПЭК;8-800-333-58-45;info@laundrypro.ru;Пн-пт с 09.00 до 18.00;;;;;;;;;;;
Тамбов;tambov;392000, Россия, Тамбовская обл., г. Тамбов, ул. Кавалерийская, 13А;ПЭК;8-800-333-58-45;info@laundrypro.ru;Пн-пт с 09.00 до 18.00;;;;;;;;;;;
Тверь;tver;Тверь, ул. Симеоновская, 39;СДЭК;8-800-333-58-45;info@laundrypro.ru;Пн-пт с 09.00 до 18.00;;;;;;;;;;;
Тольятти;tolyatti;Тольятти, ул. Карла Маркса, 51;СДЭК;8-800-333-58-45;info@laundrypro.ru;Пн-пт с 09.00 до 18.00;;;;;;;;;;;
Томск;tomsk;634009, Россия, Томская обл., г. Томск, ул. Пролетарская, 38В, строение 1;ПЭК;8-800-333-58-45;info@laundrypro.ru;Пн-пт с 09.00 до 18.00;;;;;;;;;;;
Тула;tula;Тула, ул. Буденного, 116;СДЭК;8-800-333-58-45;info@laundrypro.ru;Пн-пт с 09.00 до 18.00;;;;;;;;;;;
Тюмень;tyumen;625023, Россия, Тюменская обл., г. Тюмень, ул. Одесская, д. 1, стр. 8;ПЭК;8-800-333-58-45;info@laundrypro.ru;Пн-пт с 09.00 до 18.00;;;;;;;;;;;
Улан-Удэ;ulan-ude;670045, Россия, Бурятия респ., г. Улан-Удэ, ул. Ботаническая, д. 38/2;ПЭК;8-800-333-58-45;info@laundrypro.ru;Пн-пт с 09.00 до 18.00;;;;;;;;;;;
Ульяновск;ulianovsk;Ульяновск, ул. Пушкарева, 11;СДЭК;8-800-333-58-45;info@laundrypro.ru;Пн-пт с 09.00 до 18.00;;;;;;;;;;;
Уссурийск;ussuriysk;692524, Россия, Приморский край, г. Уссурийск, ул. Резервная, 31;ПЭК;8-800-333-58-45;info@laundrypro.ru;Пн-пт с 09.00 до 18.00;;;;;;;;;;;
Уфа;ufa;Уфа, ул. 50-летия Октября, 16, 109;СДЭК;8-800-333-58-45;info@laundrypro.ru;Пн-пт с 09.00 до 18.00;;;;;;;;;;;
Хабаровск;habarovsk;680026, Россия, Хабаровский край, г. Хабаровск, ул. Тихоокеанская, д. 73, корп. 3;ПЭК;8-800-333-58-45;info@laundrypro.ru;Пн-пт с 09.00 до 18.00;;;;;;;;;;;
Хасавюрт;hasavurt;Хасавюрт, ул. Тотурбиева, 60;СДЭК;8-800-333-58-45;info@laundrypro.ru;Пн-пт с 09.00 до 18.00;;;;;;;;;;;
Химки;himki;141407, Россия, Московская область, г. Химки, мкр. Сходня, ул. Ленинградская, д. 4;ПЭК;8-800-333-58-45;info@laundrypro.ru;Пн-пт с 09.00 до 18.00;;;;;;;;;;;
Чебоксары;cheboksary;428000, Россия, Чувашская Республика, г.Чебоксары, ул. Гаражный проезд, 3, Лит. В, В1;ПЭК;8-800-333-58-45;info@laundrypro.ru;Пн-пт с 09.00 до 18.00;;;;;;;;;;;
Челябинск;chelyabinsk;Челябинск, Ул. Пушкина, 25;СДЭК;8-800-333-58-45;info@laundrypro.ru;Пн-пт с 09.00 до 18.00;;;;;;;;;;;
Череповец;cherepovec;"Московский проспект, 49 п. 2 , 3 этаж (БЦ ""Наутилус"")";Свой офис;8-800-333-58-45 и 8 (8202) 598-903;info@laundrypro.ru;Пн-пт с 09.00 до 18.00;;;;;;;;;;;
Черкесск;cherkessk;г. Черкесск, ул. Красноармейская 144а;СДЭК;8-800-333-58-45;info@laundrypro.ru;Пн-пт с 09.00 до 18.00;;;;;;;;;;;
Чита;chita;672003, Россия, Забайкальский край, г. Чита, ул. Туринская, 1Б;ПЭК;8-800-333-58-45;info@laundrypro.ru;Пн-пт с 09.00 до 18.00;;;;;;;;;;;
Шахты;shahty;346513, Россия, Ростовская обл., г. Шахты, пер. Газетный, 4б;ПЭК;8-800-333-58-45;info@laundrypro.ru;Пн-пт с 09.00 до 18.00;;;;;;;;;;;
Щёлково;schelkovo;141108, Россия, г. Щелково, Хотовская улица, д.49;ПЭК;8-800-333-58-45;info@laundrypro.ru;Пн-пт с 09.00 до 18.00;;;;;;;;;;;
Электросталь;electrostal;144001, Россия, Московская обл., г. Электросталь, ул. Рабочая, д. 35а;ПЭК;8-800-333-58-45;info@laundrypro.ru;Пн-пт с 09.00 до 18.00;;;;;;;;;;;
Элиста;elista;Элиста, ул. Пушкина, 30;СДЭК;8-800-333-58-45;info@laundrypro.ru;Пн-пт с 09.00 до 18.00;;;;;;;;;;;
Энгельс;engels;413121, Россия, Саратовская обл., Энгельсский р-н, г. Энгельс, ул. Промышленная, 3;ПЭК;8-800-333-58-45;info@laundrypro.ru;Пн-пт с 09.00 до 18.00;;;;;;;;;;;
Южно-Сахалинск;yuzhno-sahalinsk;693008, Россия, Сахалинская обл., г. Южно-Сахалинск, ул. Железнодорожная, д. 170Б/1;ПЭК;8-800-333-58-45;info@laundrypro.ru;Пн-пт с 09.00 до 18.00;;;;;;;;;;;
Якутск;yakutsk;Якутск, ул. Дзержинского, д. 47;СДЭК;8-800-333-58-45;info@laundrypro.ru;Пн-пт с 09.00 до 18.00;;;;;;;;;;;
Ярославль;yaroslavl;Магистральная улица, д. 50;Свой офис;8-800-333-58-45 и 8 (485) 269-51-09 и 8-921-732-00-25;info@laundrypro.ru;Пн-пт с 09.00 до 18.00;;;;;;;;;;;
Алматы;almaty;050050, Республика Казахстан, г. Алматы, ул. Казыбаева, 3;ПЭК;8-800-333-58-45;info@laundrypro.ru;Пн-пт с 09.00 до 18.00;;;;;;;;;;;
Бор ;bor ;606440, Россия, Нижегородская обл, г. Бор, ул. Октябрьская, д. 4;ПЭК;8-800-333-58-45;info@laundrypro.ru;Пн-пт с 09.00 до 18.00;;;;;;;;;;;
Борисоглебск ;borisoglebsk ;397165, Воронежская обл., Борисоглебский р-н, г. Борисоглебскул. Матросовская, д. 162;ПЭК;8-800-333-58-45;info@laundrypro.ru;Пн-пт с 09.00 до 18.00;;;;;;;;;;;
Буденновск ;budennovsk ;356800, Россия, Ставропольский край, Буденновский р-н, г. Буденновск, ул.Промышленная, 2;ПЭК;8-800-333-58-45;info@laundrypro.ru;Пн-пт с 09.00 до 18.00;;;;;;;;;;;
Железнодорожный ;zheleznodorozhnyj ;143985, Россия, Московская обл., г. Балашиха, мкр Железнодорожный,, ул. Промышленная, корп. 46;ПЭК;8-800-333-58-45;info@laundrypro.ru;Пн-пт с 09.00 до 18.00;;;;;;;;;;;
Зеленодольск ;zelenodolsk ;420000, Республика Татарстан, ул.Новостроительная, д.2/4;ПЭК;8-800-333-58-45;info@laundrypro.ru;Пн-пт с 09.00 до 18.00;;;;;;;;;;;
Каменск-Шахтинский ;kamensk-shahtinskij ;347800, Россия, Ростовская обл., г. Каменск-Шахтинский, Россия, ул. Гаражная, д. 16;ПЭК;8-800-333-58-45;info@laundrypro.ru;Пн-пт с 09.00 до 18.00;;;;;;;;;;;
Кинешма ;kineshma ;155805, Россия, Ивановская обл., г. Кинешма, ул. Вичугская, д. 150;ПЭК;8-800-333-58-45;info@laundrypro.ru;Пн-пт с 09.00 до 18.00;;;;;;;;;;;
Кропоткин ;kropotkin ;352396, Россия, Краснодарский край, Кавказский р-н, г. Кропоткин, Россия, ул. Московская, д. 273/1;ПЭК;8-800-333-58-45;info@laundrypro.ru;Пн-пт с 09.00 до 18.00;;;;;;;;;;;
Кузнецк ;kuzneck ;442530, Россия, Пензенская обл., г. Кузнецк, Алексеевское шоссе, д. 5;ПЭК;8-800-333-58-45;info@laundrypro.ru;Пн-пт с 09.00 до 18.00;;;;;;;;;;;
Магадан ;magadan ;685030, Россия, Магаданская обл., г. Магадан, ул. Пролетарская, д. 96А;ПЭК;8-800-333-58-45;info@laundrypro.ru;Пн-пт с 09.00 до 18.00;;;;;;;;;;;
Новороссийск ;novorossijsk ;353907, Россия, Краснодарский край, г. Новороссийск, п. Гайдук , ул. 5-я Промышленная, 3;ПЭК;8-800-333-58-45;info@laundrypro.ru;Пн-пт с 09.00 до 18.00;;;;;;;;;;;
Ноябрьск ;noyabrsk ;629811, Россия, Ямало-Ненецкий АО, г. Ноябрьск, ?Промузел Пелей, Панель 10?;ПЭК;8-800-333-58-45;info@laundrypro.ru;Пн-пт с 09.00 до 18.00;;;;;;;;;;;
Нур-Султан ;nur-sultan ;010007, Республика Казахстан, ул. Жанажол, д.19;ПЭК;8-800-333-58-45;info@laundrypro.ru;Пн-пт с 09.00 до 18.00;;;;;;;;;;;
Россошь;rossosh;396650, Россия, Воронежская обл., Россошанский р-н,г. Россошь, ул. Мира, 201;ПЭК;8-800-333-58-45;info@laundrypro.ru;Пн-пт с 09.00 до 18.00;;;;;;;;;;;
Славянск-на-Кубани ;slavyansk-na-kubani ;353563, Россия, Краснодарский край, Славянский р-н, г. Славянск-на-Кубани, ул. Промышленная, д. 2/1;ПЭК;8-800-333-58-45;info@laundrypro.ru;Пн-пт с 09.00 до 18.00;;;;;;;;;;;
Туапсе ;tuapse ;352800, Россия, Краснодарский край, Туапсинский р-н, г. Туапсе, ул. Калараша 20г (база Партнер);ПЭК;8-800-333-58-45;info@laundrypro.ru;Пн-пт с 09.00 до 18.00;;;;;;;;;;;
Ялта ;yalta ;298609, Россия, Крым респ., г. Ялта, Дарсановский пер., д. 10;ПЭК;8-800-333-58-46;info@laundrypro.ru;Пн-пт с 09.00 до 18.01;;;;;;;;;;;
;;;;;;;;;;;;;;;;;
;;;;;;;;;;;;;;;;;
;;;;;;;;;;;;;;;;;
;;;;;;;;;;;;;;;;;
;;;;;;;;;;;;;;;;;
;;;;;;;;;;;;;;;;;
;;;;;;;;;;;;;;;;;
;;;;;;;;;;;;;;;;;
;;;;;;;;;;;;;;;;;
;;;;;;;;;;;;;;;;;
;;;;;;;;;;;;;;;;;
;;;;;;;;;;;;;;;;;
;;;;;;;;;;;;;;;;;
;;;;;;;;;;;;;;;;;
;;;;;;;;;;;;;;;;;
;;;;;;;;;;;;;;;;;
;;;;;;;;;;;;;;;;;
;;;;;;;;;;;;;;;;;
;;;;;;;;;;;;;;;;;
;;;;;;;;;;;;;;;;;
;;;;;;;;;;;;;;;;;
;;;;;;;;;;;;;;;;;
;;;;;;;;;;;;;;;;;
;;;;;;;;;;;;;;;;;
;;;;;;;;;;;;;;;;;
;;;;;;;;;;;;;;;;;
;;;;;;;;;;;;;;;;;
;;;;;;;;;;;;;;;;;
;;;;;;;;;;;;;;;;;
;;;;;;;;;;;;;;;;;
;;;;;;;;;;;;;;;;;
;;;;;;;;;;;;;;;;;
;;;;;;;;;;;;;;;;;
;;;;;;;;;;;;;;;;;
;;;;;;;;;;;;;;;;;
;;;;;;;;;;;;;;;;;
;;;;;;;;;;;;;;;;;
;;;;;;;;;;;;;;;;;
;;;;;;;;;;;;;;;;;
;;;;;;;;;;;;;;;;;
;;;;;;;;;;;;;;;;;
;;;;;;;;;;;;;;;;;
;;;;;;;;;;;;;;;;;
;;;;;;;;;;;;;;;;;
;;;;;;;;;;;;;;;;;
;;;;;;;;;;;;;;;;;
;;;;;;;;;;;;;;;;;
;;;;;;;;;;;;;;;;;
;;;;;;;;;;;;;;;;;
;;;;;;;;;;;;;;;;;
;;;;;;;;;;;;;;;;;
;;;;;;;;;;;;;;;;;
;;;;;;;;;;;;;;;;;
;;;;;;;;;;;;;;;;;
;;;;;;;;;;;;;;;;;
;;;;;;;;;;;;;;;;;
;;;;;;;;;;;;;;;;;
;;;;;;;;;;;;;;;;;
;;;;;;;;;;;;;;;;;
;;;;;;;;;;;;;;;;;
;;;;;;;;;;;;;;;;;
;;;;;;;;;;;;;;;;;
;;;;;;;;;;;;;;;;;
;;;;;;;;;;;;;;;;;
;;;;;;;;;;;;;;;;;
;;;;;;;;;;;;;;;;;
;;;;;;;;;;;;;;;;;
;;;;;;;;;;;;;;;;;
;;;;;;;;;;;;;;;;;
;;;;;;;;;;;;;;;;;
;;;;;;;;;;;;;;;;;
;;;;;;;;;;;;;;;;;
;;;;;;;;;;;;;;;;;
;;;;;;;;;;;;;;;;;
;;;;;;;;;;;;;;;;;
;;;;;;;;;;;;;;;;;
;;;;;;;;;;;;;;;;;
;;;;;;;;;;;;;;;;;
;;;;;;;;;;;;;;;;;
;;;;;;;;;;;;;;;;;
;;;;;;;;;;;;;;;;;
;;;;;;;;;;;;;;;;;
;;;;;;;;;;;;;;;;;
;;;;;;;;;;;;;;;;;
;;;;;;;;;;;;;;;;;
;;;;;;;;;;;;;;;;;
;;;;;;;;;;;;;;;;;
;;;;;;;;;;;;;;;;;
;;;;;;;;;;;;;;;;;
;;;;;;;;;;;;;;;;;
;;;;;;;;;;;;;;;;;
;;;;;;;;;;;;;;;;;
;;;;;;;;;;;;;;;;;
;;;;;;;;;;;;;;;;;
;;;;;;;;;;;;;;;;;
;;;;;;;;;;;;;;;;;
;;;;;;;;;;;;;;;;;
;;;;;;;;;;;;;;;;;
;;;;;;;;;;;;;;;;;
;;;;;;;;;;;;;;;;;
;;;;;;;;;;;;;;;;;
;;;;;;;;;;;;;;;;;
;;;;;;;;;;;;;;;;;
;;;;;;;;;;;;;;;;;
;;;;;;;;;;;;;;;;;
;;;;;;;;;;;;;;;;;
;;;;;;;;;;;;;;;;;
;;;;;;;;;;;;;;;;;
;;;;;;;;;;;;;;;;;
;;;;;;;;;;;;;;;;;
;;;;;;;;;;;;;;;;;
;;;;;;;;;;;;;;;;;
;;;;;;;;;;;;;;;;;
;;;;;;;;;;;;;;;;;
;;;;;;;;;;;;;;;;;
;;;;;;;;;;;;;;;;;
;;;;;;;;;;;;;;;;;
;;;;;;;;;;;;;;;;;
;;;;;;;;;;;;;;;;;
;;;;;;;;;;;;;;;;;
;;;;;;;;;;;;;;;;;
;;;;;;;;;;;;;;;;;
;;;;;;;;;;;;;;;;;
;;;;;;;;;;;;;;;;;
;;;;;;;;;;;;;;;;;
;;;;;;;;;;;;;;;;;
;;;;;;;;;;;;;;;;;
;;;;;;;;;;;;;;;;;
;;;;;;;;;;;;;;;;;
;;;;;;;;;;;;;;;;;
;;;;;;;;;;;;;;;;;
;;;;;;;;;;;;;;;;;
;;;;;;;;;;;;;;;;;
;;;;;;;;;;;;;;;;;
;;;;;;;;;;;;;;;;;
;;;;;;;;;;;;;;;;;
;;;;;;;;;;;;;;;;;
;;;;;;;;;;;;;;;;;
;;;;;;;;;;;;;;;;;
;;;;;;;;;;;;;;;;;
;;;;;;;;;;;;;;;;;
;;;;;;;;;;;;;;;;;
;;;;;;;;;;;;;;;;;
;;;;;;;;;;;;;;;;;
;;;;;;;;;;;;;;;;;
;;;;;;;;;;;;;;;;;
;;;;;;;;;;;;;;;;;
;;;;;;;;;;;;;;;;;
;;;;;;;;;;;;;;;;;
;;;;;;;;;;;;;;;;;
;;;;;;;;;;;;;;;;;
;;;;;;;;;;;;;;;;;
;;;;;;;;;;;;;;;;;
;;;;;;;;;;;;;;;;;
;;;;;;;;;;;;;;;;;
;;;;;;;;;;;;;;;;;
;;;;;;;;;;;;;;;;;
;;;;;;;;;;;;;;;;;
;;;;;;;;;;;;;;;;;
;;;;;;;;;;;;;;;;;
;;;;;;;;;;;;;;;;;
;;;;;;;;;;;;;;;;;
;;;;;;;;;;;;;;;;;
;;;;;;;;;;;;;;;;;
;;;;;;;;;;;;;;;;;
;;;;;;;;;;;;;;;;;
;;;;;;;;;;;;;;;;;
;;;;;;;;;;;;;;;;;
;;;;;;;;;;;;;;;;;
;;;;;;;;;;;;;;;;;
;;;;;;;;;;;;;;;;;
;;;;;;;;;;;;;;;;;
;;;;;;;;;;;;;;;;;
;;;;;;;;;;;;;;;;;
;;;;;;;;;;;;;;;;;
;;;;;;;;;;;;;;;;;
;;;;;;;;;;;;;;;;;
;;;;;;;;;;;;;;;;;
;;;;;;;;;;;;;;;;;
;;;;;;;;;;;;;;;;;
;;;;;;;;;;;;;;;;;
;;;;;;;;;;;;;;;;;
;;;;;;;;;;;;;;;;;
;;;;;;;;;;;;;;;;;
;;;;;;;;;;;;;;;;;
;;;;;;;;;;;;;;;;;
;;;;;;;;;;;;;;;;;
;;;;;;;;;;;;;;;;;
;;;;;;;;;;;;;;;;;
;;;;;;;;;;;;;;;;;
;;;;;;;;;;;;;;;;;
;;;;;;;;;;;;;;;;;
;;;;;;;;;;;;;;;;;
;;;;;;;;;;;;;;;;;
;;;;;;;;;;;;;;;;;
;;;;;;;;;;;;;;;;;
;;;;;;;;;;;;;;;;;
;;;;;;;;;;;;;;;;;
;;;;;;;;;;;;;;;;;
;;;;;;;;;;;;;;;;;
;;;;;;;;;;;;;;;;;
;;;;;;;;;;;;;;;;;
;;;;;;;;;;;;;;;;;
;;;;;;;;;;;;;;;;;
;;;;;;;;;;;;;;;;;
;;;;;;;;;;;;;;;;;
;;;;;;;;;;;;;;;;;
;;;;;;;;;;;;;;;;;
;;;;;;;;;;;;;;;;;
;;;;;;;;;;;;;;;;;
;;;;;;;;;;;;;;;;;
;;;;;;;;;;;;;;;;;
;;;;;;;;;;;;;;;;;
;;;;;;;;;;;;;;;;;
;;;;;;;;;;;;;;;;;
;;;;;;;;;;;;;;;;;
;;;;;;;;;;;;;;;;;
;;;;;;;;;;;;;;;;;
;;;;;;;;;;;;;;;;;
;;;;;;;;;;;;;;;;;
;;;;;;;;;;;;;;;;;
;;;;;;;;;;;;;;;;;
;;;;;;;;;;;;;;;;;
;;;;;;;;;;;;;;;;;
;;;;;;;;;;;;;;;;;
;;;;;;;;;;;;;;;;;
;;;;;;;;;;;;;;;;;
;;;;;;;;;;;;;;;;;
;;;;;;;;;;;;;;;;;
;;;;;;;;;;;;;;;;;
;;;;;;;;;;;;;;;;;
;;;;;;;;;;;;;;;;;
;;;;;;;;;;;;;;;;;
;;;;;;;;;;;;;;;;;
;;;;;;;;;;;;;;;;;
;;;;;;;;;;;;;;;;;
;;;;;;;;;;;;;;;;;
;;;;;;;;;;;;;;;;;
;;;;;;;;;;;;;;;;;
;;;;;;;;;;;;;;;;;
;;;;;;;;;;;;;;;;;
;;;;;;;;;;;;;;;;;
;;;;;;;;;;;;;;;;;
;;;;;;;;;;;;;;;;;
;;;;;;;;;;;;;;;;;
;;;;;;;;;;;;;;;;;
;;;;;;;;;;;;;;;;;
;;;;;;;;;;;;;;;;;
;;;;;;;;;;;;;;;;;
;;;;;;;;;;;;;;;;;
;;;;;;;;;;;;;;;;;
;;;;;;;;;;;;;;;;;
;;;;;;;;;;;;;;;;;
;;;;;;;;;;;;;;;;;
;;;;;;;;;;;;;;;;;
;;;;;;;;;;;;;;;;;
;;;;;;;;;;;;;;;;;
;;;;;;;;;;;;;;;;;
;;;;;;;;;;;;;;;;;
;;;;;;;;;;;;;;;;;
;;;;;;;;;;;;;;;;;
;;;;;;;;;;;;;;;;;
;;;;;;;;;;;;;;;;;
;;;;;;;;;;;;;;;;;
;;;;;;;;;;;;;;;;;
;;;;;;;;;;;;;;;;;
;;;;;;;;;;;;;;;;;
;;;;;;;;;;;;;;;;;
;;;;;;;;;;;;;;;;;
;;;;;;;;;;;;;;;;;
;;;;;;;;;;;;;;;;;
;;;;;;;;;;;;;;;;;
;;;;;;;;;;;;;;;;;
;;;;;;;;;;;;;;;;;
;;;;;;;;;;;;;;;;;
;;;;;;;;;;;;;;;;;
;;;;;;;;;;;;;;;;;
;;;;;;;;;;;;;;;;;
;;;;;;;;;;;;;;;;;
;;;;;;;;;;;;;;;;;
;;;;;;;;;;;;;;;;;
;;;;;;;;;;;;;;;;;
;;;;;;;;;;;;;;;;;
;;;;;;;;;;;;;;;;;
;;;;;;;;;;;;;;;;;
;;;;;;;;;;;;;;;;;
;;;;;;;;;;;;;;;;;
;;;;;;;;;;;;;;;;;
;;;;;;;;;;;;;;;;;
;;;;;;;;;;;;;;;;;
;;;;;;;;;;;;;;;;;
;;;;;;;;;;;;;;;;;
;;;;;;;;;;;;;;;;;
;;;;;;;;;;;;;;;;;
;;;;;;;;;;;;;;;;;
;;;;;;;;;;;;;;;;;
;;;;;;;;;;;;;;;;;
;;;;;;;;;;;;;;;;;
;;;;;;;;;;;;;;;;;
;;;;;;;;;;;;;;;;;
;;;;;;;;;;;;;;;;;
;;;;;;;;;;;;;;;;;
;;;;;;;;;;;;;;;;;
;;;;;;;;;;;;;;;;;
;;;;;;;;;;;;;;;;;
;;;;;;;;;;;;;;;;;
;;;;;;;;;;;;;;;;;
;;;;;;;;;;;;;;;;;
;;;;;;;;;;;;;;;;;
;;;;;;;;;;;;;;;;;
;;;;;;;;;;;;;;;;;
;;;;;;;;;;;;;;;;;
;;;;;;;;;;;;;;;;;
;;;;;;;;;;;;;;;;;
;;;;;;;;;;;;;;;;;
;;;;;;;;;;;;;;;;;
;;;;;;;;;;;;;;;;;
;;;;;;;;;;;;;;;;;
;;;;;;;;;;;;;;;;;
;;;;;;;;;;;;;;;;;
;;;;;;;;;;;;;;;;;
;;;;;;;;;;;;;;;;;
;;;;;;;;;;;;;;;;;
;;;;;;;;;;;;;;;;;
;;;;;;;;;;;;;;;;;
;;;;;;;;;;;;;;;;;
;;;;;;;;;;;;;;;;;
;;;;;;;;;;;;;;;;;
;;;;;;;;;;;;;;;;;
;;;;;;;;;;;;;;;;;
;;;;;;;;;;;;;;;;;
;;;;;;;;;;;;;;;;;
;;;;;;;;;;;;;;;;;
;;;;;;;;;;;;;;;;;
;;;;;;;;;;;;;;;;;
;;;;;;;;;;;;;;;;;
;;;;;;;;;;;;;;;;;
;;;;;;;;;;;;;;;;;
;;;;;;;;;;;;;;;;;
;;;;;;;;;;;;;;;;;
;;;;;;;;;;;;;;;;;
;;;;;;;;;;;;;;;;;
;;;;;;;;;;;;;;;;;
;;;;;;;;;;;;;;;;;
;;;;;;;;;;;;;;;;;
;;;;;;;;;;;;;;;;;
;;;;;;;;;;;;;;;;;
;;;;;;;;;;;;;;;;;
;;;;;;;;;;;;;;;;;
;;;;;;;;;;;;;;;;;
;;;;;;;;;;;;;;;;;
;;;;;;;;;;;;;;;;;
;;;;;;;;;;;;;;;;;
;;;;;;;;;;;;;;;;;
;;;;;;;;;;;;;;;;;
;;;;;;;;;;;;;;;;;
;;;;;;;;;;;;;;;;;
;;;;;;;;;;;;;;;;;
;;;;;;;;;;;;;;;;;
;;;;;;;;;;;;;;;;;
;;;;;;;;;;;;;;;;;
;;;;;;;;;;;;;;;;;
;;;;;;;;;;;;;;;;;
;;;;;;;;;;;;;;;;;
;;;;;;;;;;;;;;;;;
;;;;;;;;;;;;;;;;;
;;;;;;;;;;;;;;;;;
;;;;;;;;;;;;;;;;;
;;;;;;;;;;;;;;;;;
;;;;;;;;;;;;;;;;;
;;;;;;;;;;;;;;;;;
;;;;;;;;;;;;;;;;;
;;;;;;;;;;;;;;;;;
;;;;;;;;;;;;;;;;;
;;;;;;;;;;;;;;;;;
;;;;;;;;;;;;;;;;;
;;;;;;;;;;;;;;;;;
;;;;;;;;;;;;;;;;;
;;;;;;;;;;;;;;;;;
;;;;;;;;;;;;;;;;;
;;;;;;;;;;;;;;;;;
;;;;;;;;;;;;;;;;;
;;;;;;;;;;;;;;;;;
;;;;;;;;;;;;;;;;;
;;;;;;;;;;;;;;;;;
;;;;;;;;;;;;;;;;;
;;;;;;;;;;;;;;;;;
;;;;;;;;;;;;;;;;;
;;;;;;;;;;;;;;;;;
;;;;;;;;;;;;;;;;;
;;;;;;;;;;;;;;;;;
;;;;;;;;;;;;;;;;;
;;;;;;;;;;;;;;;;;
;;;;;;;;;;;;;;;;;
;;;;;;;;;;;;;;;;;
;;;;;;;;;;;;;;;;;
;;;;;;;;;;;;;;;;;
;;;;;;;;;;;;;;;;;
;;;;;;;;;;;;;;;;;
;;;;;;;;;;;;;;;;;
;;;;;;;;;;;;;;;;;
;;;;;;;;;;;;;;;;;
;;;;;;;;;;;;;;;;;
;;;;;;;;;;;;;;;;;
;;;;;;;;;;;;;;;;;
;;;;;;;;;;;;;;;;;
;;;;;;;;;;;;;;;;;
;;;;;;;;;;;;;;;;;
;;;;;;;;;;;;;;;;;
;;;;;;;;;;;;;;;;;
;;;;;;;;;;;;;;;;;
;;;;;;;;;;;;;;;;;
;;;;;;;;;;;;;;;;;
;;;;;;;;;;;;;;;;;
;;;;;;;;;;;;;;;;;
;;;;;;;;;;;;;;;;;
;;;;;;;;;;;;;;;;;
;;;;;;;;;;;;;;;;;
;;;;;;;;;;;;;;;;;
;;;;;;;;;;;;;;;;;
;;;;;;;;;;;;;;;;;
;;;;;;;;;;;;;;;;;
;;;;;;;;;;;;;;;;;
;;;;;;;;;;;;;;;;;
;;;;;;;;;;;;;;;;;
;;;;;;;;;;;;;;;;;
;;;;;;;;;;;;;;;;;
;;;;;;;;;;;;;;;;;
;;;;;;;;;;;;;;;;;
;;;;;;;;;;;;;;;;;
;;;;;;;;;;;;;;;;;
;;;;;;;;;;;;;;;;;
;;;;;;;;;;;;;;;;;
;;;;;;;;;;;;;;;;;
;;;;;;;;;;;;;;;;;
;;;;;;;;;;;;;;;;;
;;;;;;;;;;;;;;;;;
;;;;;;;;;;;;;;;;;
;;;;;;;;;;;;;;;;;
;;;;;;;;;;;;;;;;;
;;;;;;;;;;;;;;;;;
;;;;;;;;;;;;;;;;;
;;;;;;;;;;;;;;;;;
;;;;;;;;;;;;;;;;;
;;;;;;;;;;;;;;;;;
;;;;;;;;;;;;;;;;;
;;;;;;;;;;;;;;;;;
;;;;;;;;;;;;;;;;;
;;;;;;;;;;;;;;;;;
;;;;;;;;;;;;;;;;;
;;;;;;;;;;;;;;;;;
;;;;;;;;;;;;;;;;;
;;;;;;;;;;;;;;;;;
;;;;;;;;;;;;;;;;;
;;;;;;;;;;;;;;;;;
;;;;;;;;;;;;;;;;;
;;;;;;;;;;;;;;;;;
;;;;;;;;;;;;;;;;;
;;;;;;;;;;;;;;;;;
;;;;;;;;;;;;;;;;;
;;;;;;;;;;;;;;;;;
;;;;;;;;;;;;;;;;;
;;;;;;;;;;;;;;;;;
;;;;;;;;;;;;;;;;;
;;;;;;;;;;;;;;;;;
;;;;;;;;;;;;;;;;;
;;;;;;;;;;;;;;;;;
;;;;;;;;;;;;;;;;;
;;;;;;;;;;;;;;;;;
;;;;;;;;;;;;;;;;;
;;;;;;;;;;;;;;;;;
;;;;;;;;;;;;;;;;;
;;;;;;;;;;;;;;;;;
;;;;;;;;;;;;;;;;;
;;;;;;;;;;;;;;;;;
;;;;;;;;;;;;;;;;;
;;;;;;;;;;;;;;;;;
;;;;;;;;;;;;;;;;;
;;;;;;;;;;;;;;;;;
;;;;;;;;;;;;;;;;;
;;;;;;;;;;;;;;;;;
;;;;;;;;;;;;;;;;;
;;;;;;;;;;;;;;;;;
;;;;;;;;;;;;;;;;;
;;;;;;;;;;;;;;;;;
;;;;;;;;;;;;;;;;;
;;;;;;;;;;;;;;;;;
;;;;;;;;;;;;;;;;;
;;;;;;;;;;;;;;;;;
;;;;;;;;;;;;;;;;;
;;;;;;;;;;;;;;;;;
;;;;;;;;;;;;;;;;;
;;;;;;;;;;;;;;;;;
;;;;;;;;;;;;;;;;;
;;;;;;;;;;;;;;;;;
;;;;;;;;;;;;;;;;;
;;;;;;;;;;;;;;;;;
;;;;;;;;;;;;;;;;;
;;;;;;;;;;;;;;;;;
;;;;;;;;;;;;;;;;;
;;;;;;;;;;;;;;;;;
;;;;;;;;;;;;;;;;;
;;;;;;;;;;;;;;;;;
;;;;;;;;;;;;;;;;;
;;;;;;;;;;;;;;;;;
;;;;;;;;;;;;;;;;;
;;;;;;;;;;;;;;;;;
;;;;;;;;;;;;;;;;;
;;;;;;;;;;;;;;;;;
;;;;;;;;;;;;;;;;;
;;;;;;;;;;;;;;;;;
;;;;;;;;;;;;;;;;;
;;;;;;;;;;;;;;;;;
;;;;;;;;;;;;;;;;;
;;;;;;;;;;;;;;;;;
;;;;;;;;;;;;;;;;;
;;;;;;;;;;;;;;;;;
;;;;;;;;;;;;;;;;;
;;;;;;;;;;;;;;;;;
;;;;;;;;;;;;;;;;;
;;;;;;;;;;;;;;;;;
;;;;;;;;;;;;;;;;;
;;;;;;;;;;;;;;;;;
;;;;;;;;;;;;;;;;;
;;;;;;;;;;;;;;;;;
;;;;;;;;;;;;;;;;;
;;;;;;;;;;;;;;;;;
;;;;;;;;;;;;;;;;;
;;;;;;;;;;;;;;;;;
;;;;;;;;;;;;;;;;;
;;;;;;;;;;;;;;;;;
;;;;;;;;;;;;;;;;;
;;;;;;;;;;;;;;;;;
;;;;;;;;;;;;;;;;;
;;;;;;;;;;;;;;;;;
;;;;;;;;;;;;;;;;;
;;;;;;;;;;;;;;;;;
;;;;;;;;;;;;;;;;;
;;;;;;;;;;;;;;;;;
;;;;;;;;;;;;;;;;;
;;;;;;;;;;;;;;;;;
;;;;;;;;;;;;;;;;;
;;;;;;;;;;;;;;;;;
;;;;;;;;;;;;;;;;;
;;;;;;;;;;;;;;;;;
;;;;;;;;;;;;;;;;;
;;;;;;;;;;;;;;;;;
;;;;;;;;;;;;;;;;;
;;;;;;;;;;;;;;;;;
;;;;;;;;;;;;;;;;;
;;;;;;;;;;;;;;;;;
;;;;;;;;;;;;;;;;;
;;;;;;;;;;;;;;;;;
;;;;;;;;;;;;;;;;;
;;;;;;;;;;;;;;;;;
;;;;;;;;;;;;;;;;;
;;;;;;;;;;;;;;;;;
;;;;;;;;;;;;;;;;;
;;;;;;;;;;;;;;;;;
;;;;;;;;;;;;;;;;;
;;;;;;;;;;;;;;;;;
;;;;;;;;;;;;;;;;;
;;;;;;;;;;;;;;;;;
;;;;;;;;;;;;;;;;;
;;;;;;;;;;;;;;;;;
;;;;;;;;;;;;;;;;;
;;;;;;;;;;;;;;;;;
;;;;;;;;;;;;;;;;;
;;;;;;;;;;;;;;;;;
;;;;;;;;;;;;;;;;;
;;;;;;;;;;;;;;;;;
;;;;;;;;;;;;;;;;;
;;;;;;;;;;;;;;;;;
;;;;;;;;;;;;;;;;;
;;;;;;;;;;;;;;;;;
;;;;;;;;;;;;;;;;;
;;;;;;;;;;;;;;;;;
;;;;;;;;;;;;;;;;;
;;;;;;;;;;;;;;;;;
;;;;;;;;;;;;;;;;;
;;;;;;;;;;;;;;;;;
;;;;;;;;;;;;;;;;;
;;;;;;;;;;;;;;;;;
;;;;;;;;;;;;;;;;;
;;;;;;;;;;;;;;;;;
;;;;;;;;;;;;;;;;;
;;;;;;;;;;;;;;;;;
;;;;;;;;;;;;;;;;;
;;;;;;;;;;;;;;;;;
;;;;;;;;;;;;;;;;;
;;;;;;;;;;;;;;;;;
;;;;;;;;;;;;;;;;;
;;;;;;;;;;;;;;;;;
;;;;;;;;;;;;;;;;;
;;;;;;;;;;;;;;;;;
;;;;;;;;;;;;;;;;;
;;;;;;;;;;;;;;;;;
;;;;;;;;;;;;;;;;;
;;;;;;;;;;;;;;;;;
;;;;;;;;;;;;;;;;;
;;;;;;;;;;;;;;;;;
;;;;;;;;;;;;;;;;;
;;;;;;;;;;;;;;;;;
;;;;;;;;;;;;;;;;;
;;;;;;;;;;;;;;;;;
;;;;;;;;;;;;;;;;;
;;;;;;;;;;;;;;;;;
;;;;;;;;;;;;;;;;;
;;;;;;;;;;;;;;;;;
;;;;;;;;;;;;;;;;;
;;;;;;;;;;;;;;;;;
;;;;;;;;;;;;;;;;;
;;;;;;;;;;;;;;;;;
;;;;;;;;;;;;;;;;;
;;;;;;;;;;;;;;;;;
;;;;;;;;;;;;;;;;;
;;;;;;;;;;;;;;;;;
;;;;;;;;;;;;;;;;;
;;;;;;;;;;;;;;;;;
;;;;;;;;;;;;;;;;;
;;;;;;;;;;;;;;;;;
;;;;;;;;;;;;;;;;;
;;;;;;;;;;;;;;;;;
;;;;;;;;;;;;;;;;;
;;;;;;;;;;;;;;;;;
;;;;;;;;;;;;;;;;;
;;;;;;;;;;;;;;;;;
;;;;;;;;;;;;;;;;;
;;;;;;;;;;;;;;;;;
;;;;;;;;;;;;;;;;;
;;;;;;;;;;;;;;;;;
;;;;;;;;;;;;;;;;;
;;;;;;;;;;;;;;;;;
;;;;;;;;;;;;;;;;;
;;;;;;;;;;;;;;;;;
;;;;;;;;;;;;;;;;;
;;;;;;;;;;;;;;;;;
;;;;;;;;;;;;;;;;;
;;;;;;;;;;;;;;;;;
;;;;;;;;;;;;;;;;;
;;;;;;;;;;;;;;;;;
;;;;;;;;;;;;;;;;;
;;;;;;;;;;;;;;;;;
;;;;;;;;;;;;;;;;;
;;;;;;;;;;;;;;;;;
;;;;;;;;;;;;;;;;;
;;;;;;;;;;;;;;;;;
;;;;;;;;;;;;;;;;;
;;;;;;;;;;;;;;;;;
;;;;;;;;;;;;;;;;;
;;;;;;;;;;;;;;;;;
;;;;;;;;;;;;;;;;;
;;;;;;;;;;;;;;;;;
;;;;;;;;;;;;;;;;;
;;;;;;;;;;;;;;;;;
;;;;;;;;;;;;;;;;;
;;;;;;;;;;;;;;;;;
;;;;;;;;;;;;;;;;;
;;;;;;;;;;;;;;;;;
;;;;;;;;;;;;;;;;;
;;;;;;;;;;;;;;;;;
;;;;;;;;;;;;;;;;;
;;;;;;;;;;;;;;;;;
;;;;;;;;;;;;;;;;;
;;;;;;;;;;;;;;;;;
;;;;;;;;;;;;;;;;;
;;;;;;;;;;;;;;;;;
;;;;;;;;;;;;;;;;;
;;;;;;;;;;;;;;;;;
;;;;;;;;;;;;;;;;;
;;;;;;;;;;;;;;;;;
;;;;;;;;;;;;;;;;;
;;;;;;;;;;;;;;;;;
;;;;;;;;;;;;;;;;;
;;;;;;;;;;;;;;;;;
;;;;;;;;;;;;;;;;;
;;;;;;;;;;;;;;;;;
;;;;;;;;;;;;;;;;;
;;;;;;;;;;;;;;;;;
;;;;;;;;;;;;;;;;;
;;;;;;;;;;;;;;;;;
;;;;;;;;;;;;;;;;;
;;;;;;;;;;;;;;;;;
;;;;;;;;;;;;;;;;;
;;;;;;;;;;;;;;;;;
;;;;;;;;;;;;;;;;;
;;;;;;;;;;;;;;;;;
;;;;;;;;;;;;;;;;;
;;;;;;;;;;;;;;;;;
;;;;;;;;;;;;;;;;;
;;;;;;;;;;;;;;;;;
;;;;;;;;;;;;;;;;;
;;;;;;;;;;;;;;;;;
;;;;;;;;;;;;;;;;;
;;;;;;;;;;;;;;;;;
;;;;;;;;;;;;;;;;;
;;;;;;;;;;;;;;;;;
;;;;;;;;;;;;;;;;;
;;;;;;;;;;;;;;;;;
;;;;;;;;;;;;;;;;;
;;;;;;;;;;;;;;;;;
;;;;;;;;;;;;;;;;;
;;;;;;;;;;;;;;;;;
;;;;;;;;;;;;;;;;;
;;;;;;;;;;;;;;;;;
;;;;;;;;;;;;;;;;;
;;;;;;;;;;;;;;;;;
;;;;;;;;;;;;;;;;;
;;;;;;;;;;;;;;;;;
;;;;;;;;;;;;;;;;;
;;;;;;;;;;;;;;;;;
;;;;;;;;;;;;;;;;;
;;;;;;;;;;;;;;;;;
;;;;;;;;;;;;;;;;;
;;;;;;;;;;;;;;;;;
;;;;;;;;;;;;;;;;;
;;;;;;;;;;;;;;;;;
;;;;;;;;;;;;;;;;;
;;;;;;;;;;;;;;;;;
;;;;;;;;;;;;;;;;;
;;;;;;;;;;;;;;;;;
;;;;;;;;;;;;;;;;;
;;;;;;;;;;;;;;;;;
;;;;;;;;;;;;;;;;;
;;;;;;;;;;;;;;;;;
;;;;;;;;;;;;;;;;;
;;;;;;;;;;;;;;;;;
;;;;;;;;;;;;;;;;;
;;;;;;;;;;;;;;;;;
;;;;;;;;;;;;;;;;;
;;;;;;;;;;;;;;;;;
;;;;;;;;;;;;;;;;;
;;;;;;;;;;;;;;;;;
;;;;;;;;;;;;;;;;;
;;;;;;;;;;;;;;;;;
;;;;;;;;;;;;;;;;;
;;;;;;;;;;;;;;;;;
;;;;;;;;;;;;;;;;;
;;;;;;;;;;;;;;;;;
;;;;;;;;;;;;;;;;;
;;;;;;;;;;;;;;;;;
;;;;;;;;;;;;;;;;;
;;;;;;;;;;;;;;;;;
;;;;;;;;;;;;;;;;;
;;;;;;;;;;;;;;;;;
;;;;;;;;;;;;;;;;;
;;;;;;;;;;;;;;;;;
;;;;;;;;;;;;;;;;;
;;;;;;;;;;;;;;;;;
;;;;;;;;;;;;;;;;;
;;;;;;;;;;;;;;;;;
;;;;;;;;;;;;;;;;;
;;;;;;;;;;;;;;;;;
;;;;;;;;;;;;;;;;;
;;;;;;;;;;;;;;;;;
;;;;;;;;;;;;;;;;;
;;;;;;;;;;;;;;;;;
;;;;;;;;;;;;;;;;;
;;;;;;;;;;;;;;;;;
;;;;;;;;;;;;;;;;;
;;;;;;;;;;;;;;;;;
;;;;;;;;;;;;;;;;;
;;;;;;;;;;;;;;;;;
;;;;;;;;;;;;;;;;;
;;;;;;;;;;;;;;;;;
;;;;;;;;;;;;;;;;;
;;;;;;;;;;;;;;;;;
;;;;;;;;;;;;;;;;;
;;;;;;;;;;;;;;;;;
;;;;;;;;;;;;;;;;;
;;;;;;;;;;;;;;;;;
;;;;;;;;;;;;;;;;;
;;;;;;;;;;;;;;;;;
;;;;;;;;;;;;;;;;;
;;;;;;;;;;;;;;;;;
;;;;;;;;;;;;;;;;;
;;;;;;;;;;;;;;;;;
;;;;;;;;;;;;;;;;;
;;;;;;;;;;;;;;;;;
;;;;;;;;;;;;;;;;;
;;;;;;;;;;;;;;;;;
;;;;;;;;;;;;;;;;;
;;;;;;;;;;;;;;;;;
;;;;;;;;;;;;;;;;;
;;;;;;;;;;;;;;;;;
;;;;;;;;;;;;;;;;;
;;;;;;;;;;;;;;;;;
;;;;;;;;;;;;;;;;;
;;;;;;;;;;;;;;;;;
;;;;;;;;;;;;;;;;;
;;;;;;;;;;;;;;;;;
;;;;;;;;;;;;;;;;;
;;;;;;;;;;;;;;;;;
;;;;;;;;;;;;;;;;;
;;;;;;;;;;;;;;;;;
;;;;;;;;;;;;;;;;;
;;;;;;;;;;;;;;;;;
;;;;;;;;;;;;;;;;;
;;;;;;;;;;;;;;;;;
;;;;;;;;;;;;;;;;;
;;;;;;;;;;;;;;;;;
;;;;;;;;;;;;;;;;;
;;;;;;;;;;;;;;;;;
;;;;;;;;;;;;;;;;;
;;;;;;;;;;;;;;;;;
;;;;;;;;;;;;;;;;;
;;;;;;;;;;;;;;;;;
